[
  {
    "value": "бурмалиновый",
    "synonyms": [
      "бурмалиновый"
    ]
  },
  {
    "value": "серобурмалиновый",
    "synonyms": [
      "серобурмалиновый"
    ]
  },
  {
    "value": "чересчур синий в крапинку",
    "synonyms": [
      "чересчур синий в крапинку"
    ]
  },
  {
    "value": "жёлтый",
    "synonyms": [
      "жёлтый",
      "желтый",
      "жёлтенький",
      "желтенький"
    ]
  }
]