[
  {
    "id": "f4a622cd-5cac-4275-8f5e-5458d8e5d5b3",
    "data": [
      {
        "text": "белый",
        "alias": "adjective-1",
        "meta": "@sys.any",
        "userDefined": false
      }
    ],
    "isTemplate": false,
    "count": 0,
    "updated": 0
  },
  {
    "id": "841a7a41-1429-40e5-805a-925def14ee89",
    "data": [
      {
        "text": "козел",
        "alias": "animal-1",
        "meta": "@sys.any",
        "userDefined": true
      }
    ],
    "isTemplate": false,
    "count": 0,
    "updated": 0
  },
  {
    "id": "ea2c9d91-5d38-4528-a04a-1fdcd4f19881",
    "data": [
      {
        "text": "антонина петровна",
        "alias": "teacher",
        "meta": "@sys.person",
        "userDefined": false
      }
    ],
    "isTemplate": false,
    "count": 0,
    "updated": 0
  },
  {
    "id": "060b3af8-9de5-4fd2-9174-bb90e6f6ac28",
    "data": [
      {
        "text": "розовая",
        "alias": "adjective-2",
        "meta": "@sys.any",
        "userDefined": false
      }
    ],
    "isTemplate": false,
    "count": 0,
    "updated": 0
  },
  {
    "id": "cd16784e-3d3d-423d-b1c5-1044a713a7dc",
    "data": [
      {
        "text": "улитка",
        "alias": "animal-2",
        "meta": "@sys.any",
        "userDefined": false
      }
    ],
    "isTemplate": false,
    "count": 0,
    "updated": 0
  },
  {
    "id": "4918fd41-220a-4330-95e5-d8d1f6e60fd3",
    "data": [
      {
        "text": "сильный",
        "alias": "adjective-3",
        "meta": "@sys.any",
        "userDefined": false
      }
    ],
    "isTemplate": false,
    "count": 0,
    "updated": 0
  },
  {
    "id": "c36c434f-6816-4b0d-a151-abd555fb64b7",
    "data": [
      {
        "text": "медведь",
        "alias": "animal-3",
        "meta": "@sys.any",
        "userDefined": false
      }
    ],
    "isTemplate": false,
    "count": 0,
    "updated": 0
  },
  {
    "id": "a3316fc3-2fe5-4fb4-a552-3360a9ad4ca7",
    "data": [
      {
        "text": "красный",
        "alias": "adjective-4",
        "meta": "@sys.any",
        "userDefined": false
      }
    ],
    "isTemplate": false,
    "count": 0,
    "updated": 0
  },
  {
    "id": "283754f5-b70f-4720-87e9-3c810a6457f8",
    "data": [
      {
        "text": "олень",
        "alias": "animal-4",
        "meta": "@sys.any",
        "userDefined": false
      }
    ],
    "isTemplate": false,
    "count": 0,
    "updated": 0
  },
  {
    "id": "d8e4490d-df98-4757-a68b-9eb2e7e62c8c",
    "data": [
      {
        "text": "чебурек",
        "alias": "food",
        "meta": "@sys.any",
        "userDefined": false
      }
    ],
    "isTemplate": false,
    "count": 0,
    "updated": 0
  },
  {
    "id": "9bb54528-913e-43f4-8e0f-3415c7518022",
    "data": [
      {
        "text": "пирог",
        "alias": "food",
        "meta": "@sys.any",
        "userDefined": true
      }
    ],
    "isTemplate": false,
    "count": 0,
    "updated": 0
  },
  {
    "id": "0b401117-c313-4ebf-ac09-26bfb94b9139",
    "data": [
      {
        "text": "арбуз",
        "alias": "food",
        "meta": "@sys.any",
        "userDefined": true
      }
    ],
    "isTemplate": false,
    "count": 0,
    "updated": 0
  },
  {
    "id": "432c3f59-2b87-4350-862b-3ecee82c49d5",
    "data": [
      {
        "text": "красивая",
        "alias": "adjective-2",
        "meta": "@sys.any",
        "userDefined": true
      }
    ],
    "isTemplate": false,
    "count": 0,
    "updated": 0
  },
  {
    "id": "4b87431a-6042-4319-9a04-26a4c2517ac8",
    "data": [
      {
        "text": "классная",
        "alias": "adjective-2",
        "meta": "@sys.any",
        "userDefined": true
      }
    ],
    "isTemplate": false,
    "count": 0,
    "updated": 0
  },
  {
    "id": "b5157906-ebca-4848-850b-d8f9f8322ae1",
    "data": [
      {
        "text": "пупырчатая",
        "alias": "adjective-2",
        "meta": "@sys.any",
        "userDefined": true
      }
    ],
    "isTemplate": false,
    "count": 0,
    "updated": 0
  },
  {
    "id": "261448cb-545e-46b7-a817-d34b36781c6b",
    "data": [
      {
        "text": "беспартийная",
        "alias": "adjective-2",
        "meta": "@sys.any",
        "userDefined": true
      }
    ],
    "isTemplate": false,
    "count": 0,
    "updated": 0
  },
  {
    "id": "123390ae-8441-4dc5-bfa1-6c916b0ba429",
    "data": [
      {
        "text": "Людмила Петровна",
        "alias": "teacher",
        "meta": "@sys.person",
        "userDefined": false
      }
    ],
    "isTemplate": false,
    "count": 0,
    "updated": 0
  },
  {
    "id": "3a6010ec-8fcc-4d4b-a508-7aa79108f9a3",
    "data": [
      {
        "text": "Елена Александровна",
        "alias": "teacher",
        "meta": "@sys.person",
        "userDefined": false
      }
    ],
    "isTemplate": false,
    "count": 0,
    "updated": 0
  },
  {
    "id": "f6f503cd-cee7-44a4-9110-43b0ed2d0484",
    "data": [
      {
        "text": "Ирина Анатольевна",
        "alias": "teacher",
        "meta": "@sys.person",
        "userDefined": true
      }
    ],
    "isTemplate": false,
    "count": 0,
    "updated": 0
  },
  {
    "id": "d6736eed-0ce6-46e9-abd7-ab040d484d35",
    "data": [
      {
        "text": "Мариванна",
        "alias": "teacher",
        "meta": "@sys.person",
        "userDefined": true
      }
    ],
    "isTemplate": false,
    "count": 0,
    "updated": 0
  },
  {
    "id": "5908188c-8de0-4a57-9929-c94914499dc8",
    "data": [
      {
        "text": "гамадрил",
        "alias": "animal-1",
        "meta": "@sys.any",
        "userDefined": true
      }
    ],
    "isTemplate": false,
    "count": 0,
    "updated": 0
  },
  {
    "id": "be46e871-3ae5-47f3-b9f9-5f0086d231c9",
    "data": [
      {
        "text": "пупырчатый",
        "alias": "adjective-1",
        "meta": "@sys.any",
        "userDefined": true
      }
    ],
    "isTemplate": false,
    "count": 0,
    "updated": 0
  },
  {
    "id": "a040b479-1fa0-475b-9e95-0985b7b6bd61",
    "data": [
      {
        "text": "Лёха",
        "alias": "boy",
        "meta": "@sys.person",
        "userDefined": true
      }
    ],
    "isTemplate": false,
    "count": 0,
    "updated": 0
  }
]