[
  {
    "id": "a6e5a688-7d11-4b34-82de-0aef30a1e5f8",
    "data": [
      {
        "text": "случай на уроке",
        "userDefined": false
      }
    ],
    "isTemplate": false,
    "count": 0,
    "updated": 0
  },
  {
    "id": "428ea358-e4ca-480e-b626-4e838dcc5311",
    "data": [
      {
        "text": "давай самый ",
        "userDefined": false
      },
      {
        "text": "первый",
        "meta": "@sys.ignore",
        "userDefined": false
      },
      {
        "text": " текст",
        "userDefined": false
      }
    ],
    "isTemplate": false,
    "count": 0,
    "updated": 0
  },
  {
    "id": "f9a58304-f1c3-41f4-959c-faf737363c82",
    "data": [
      {
        "text": "давай ",
        "userDefined": false
      },
      {
        "text": "первый",
        "meta": "@sys.ignore",
        "userDefined": false
      },
      {
        "text": " текст",
        "userDefined": false
      }
    ],
    "isTemplate": false,
    "count": 0,
    "updated": 0
  },
  {
    "id": "030ab170-e197-4642-a2dd-0424b25cd490",
    "data": [
      {
        "text": "давай случай на уроке",
        "userDefined": false
      }
    ],
    "isTemplate": false,
    "count": 0,
    "updated": 0
  },
  {
    "id": "4743c4ca-884d-474d-bc35-3d418bf271ff",
    "data": [
      {
        "text": "Включи случай на уроке",
        "userDefined": false
      }
    ],
    "isTemplate": false,
    "count": 0,
    "updated": 0
  }
]