[
  {
    "id": "0cf1e1a3-f5d3-47b8-aafc-5443c7f76b02",
    "data": [
      {
        "text": "карантин",
        "userDefined": false
      }
    ],
    "isTemplate": false,
    "count": 1,
    "updated": 0
  },
  {
    "id": "9d1f0fab-8b99-4efd-a735-c96a306228c4",
    "data": [
      {
        "text": "второй",
        "meta": "@sys.ignore",
        "userDefined": false
      },
      {
        "text": " текст",
        "userDefined": false
      }
    ],
    "isTemplate": false,
    "count": 0,
    "updated": 0
  },
  {
    "id": "08c540f8-0966-4c01-a2c0-3f9e0b0bba55",
    "data": [
      {
        "text": "Давай ",
        "userDefined": false
      },
      {
        "text": "сочиним",
        "meta": "@sys.ignore",
        "userDefined": false
      },
      {
        "text": " про карантин",
        "userDefined": false
      }
    ],
    "isTemplate": false,
    "count": 0,
    "updated": 0
  },
  {
    "id": "755329a8-30b0-41d4-9e7c-27c131d2797d",
    "data": [
      {
        "text": "Давай про карантин",
        "userDefined": false
      }
    ],
    "isTemplate": false,
    "count": 0,
    "updated": 0
  },
  {
    "id": "872210a6-fe86-4bde-aeaf-b5cac68c2707",
    "data": [
      {
        "text": "Давай текст карантин",
        "userDefined": false
      }
    ],
    "isTemplate": false,
    "count": 0,
    "updated": 0
  },
  {
    "id": "ae54ffa4-9109-4b11-9cbe-2b6c81c89cac",
    "data": [
      {
        "text": "Карантин",
        "meta": "@sys.ignore",
        "userDefined": false
      }
    ],
    "isTemplate": false,
    "count": 0,
    "updated": 0
  }
]