[
  {
    "id": "2c39c8f4-11c3-42dd-88fd-d4ee5529fc90",
    "data": [
      {
        "text": "гороскоп про ",
        "userDefined": false
      },
      {
        "text": "львов",
        "meta": "@sys.ignore",
        "userDefined": false
      }
    ],
    "isTemplate": false,
    "count": 0,
    "lang": "ru",
    "updated": 0
  },
  {
    "id": "c87b54e0-8fdc-4786-9450-352d51066138",
    "data": [
      {
        "text": "гороскоп для ",
        "userDefined": false
      },
      {
        "text": "львов",
        "meta": "@sys.ignore",
        "userDefined": false
      }
    ],
    "isTemplate": false,
    "count": 0,
    "lang": "ru",
    "updated": 0
  },
  {
    "id": "b24b98c1-19db-496a-8ced-1331609bfa64",
    "data": [
      {
        "text": "гороскоп ",
        "userDefined": false
      },
      {
        "text": "лев",
        "meta": "@sys.ignore",
        "userDefined": false
      }
    ],
    "isTemplate": false,
    "count": 0,
    "lang": "ru",
    "updated": 0
  },
  {
    "id": "8b47a311-5ce1-4262-b480-352914c8aeec",
    "data": [
      {
        "text": "про ",
        "userDefined": false
      },
      {
        "text": "львов",
        "meta": "@sys.ignore",
        "userDefined": false
      }
    ],
    "isTemplate": false,
    "count": 0,
    "lang": "ru",
    "updated": 0
  },
  {
    "id": "4e661cd7-1106-493e-b336-42f936c2b563",
    "data": [
      {
        "text": "для ",
        "userDefined": false
      },
      {
        "text": "львов",
        "meta": "@sys.ignore",
        "userDefined": false
      }
    ],
    "isTemplate": false,
    "count": 0,
    "lang": "ru",
    "updated": 0
  }
]