[
  {
    "id": "90894643-a64c-4bd9-8c82-173d5787fb2d",
    "data": [
      {
        "text": "шестой",
        "meta": "@sys.ignore",
        "userDefined": false
      },
      {
        "text": " текст",
        "userDefined": false
      }
    ],
    "isTemplate": false,
    "count": 0,
    "lang": "ru",
    "updated": 0
  },
  {
    "id": "f95bdf63-28ab-4819-93b1-2163baff0a0f",
    "data": [
      {
        "text": "номер ",
        "userDefined": false
      },
      {
        "text": "шесть",
        "meta": "@sys.ignore",
        "userDefined": false
      }
    ],
    "isTemplate": false,
    "count": 0,
    "lang": "ru",
    "updated": 0
  },
  {
    "id": "60b8e718-3954-49a5-9458-fd2e188818ec",
    "data": [
      {
        "text": "алиса",
        "meta": "@sys.ignore",
        "userDefined": false
      },
      {
        "text": " в цирке",
        "userDefined": false
      }
    ],
    "isTemplate": false,
    "count": 0,
    "lang": "ru",
    "updated": 0
  },
  {
    "id": "52f132d7-3bef-4a61-a11a-a36507cd6cdd",
    "data": [
      {
        "text": "про ",
        "userDefined": false
      },
      {
        "text": "цирк",
        "meta": "@sys.ignore",
        "userDefined": false
      }
    ],
    "isTemplate": false,
    "count": 0,
    "lang": "ru",
    "updated": 0
  },
  {
    "id": "2144f49d-768b-407b-8395-0a65aff2bde8",
    "data": [
      {
        "text": "сочинить про цирк",
        "userDefined": false
      }
    ],
    "isTemplate": false,
    "count": 1,
    "lang": "ru",
    "updated": 0
  },
  {
    "id": "4da946cd-b66b-427f-bf1b-85ada5973671",
    "data": [
      {
        "text": "цирк",
        "meta": "@sys.ignore",
        "userDefined": false
      }
    ],
    "isTemplate": false,
    "count": 0,
    "lang": "ru",
    "updated": 0
  },
  {
    "id": "2abcf846-5d04-406d-b917-b1c135f6cadc",
    "data": [
      {
        "text": "текст про ",
        "userDefined": false
      },
      {
        "text": "цирк",
        "meta": "@sys.ignore",
        "userDefined": false
      }
    ],
    "isTemplate": false,
    "count": 0,
    "lang": "ru",
    "updated": 0
  }
]