[
  {
    "id": "a7606be9-6edc-495d-b044-de2d45aa3d40",
    "data": [
      {
        "text": "ушастый",
        "meta": "@sys.any",
        "alias": "adjective-2",
        "userDefined": true
      }
    ],
    "isTemplate": false,
    "count": 0,
    "lang": "ru",
    "updated": 0
  },
  {
    "id": "72e446ca-8277-44a5-b67f-345b763298b1",
    "data": [
      {
        "text": "Петька",
        "meta": "@sys.person",
        "alias": "person",
        "userDefined": false
      }
    ],
    "isTemplate": false,
    "count": 0,
    "lang": "ru",
    "updated": 0
  },
  {
    "id": "77b9fac1-5f78-48b9-83a8-f53c753d8270",
    "data": [
      {
        "text": "кот",
        "meta": "@sys.any",
        "alias": "animal-2",
        "userDefined": true
      }
    ],
    "isTemplate": false,
    "count": 0,
    "lang": "ru",
    "updated": 0
  },
  {
    "id": "aabfc320-d1f0-4796-a6d2-cb07741f3829",
    "data": [
      {
        "text": "серый",
        "meta": "@sys.any",
        "alias": "adjective-1",
        "userDefined": true
      }
    ],
    "isTemplate": false,
    "count": 0,
    "lang": "ru",
    "updated": 0
  },
  {
    "id": "6b533848-d5f3-4c11-a317-603fc81c9835",
    "data": [
      {
        "text": "крыса",
        "meta": "@sys.any",
        "alias": "animal-1",
        "userDefined": true
      }
    ],
    "isTemplate": false,
    "count": 0,
    "lang": "ru",
    "updated": 0
  }
]