[
  {
    "id": "ed09c8b2-cda0-4cd7-99a9-c87f3fb25373",
    "data": [
      {
        "text": "привет",
        "userDefined": false
      }
    ],
    "isTemplate": false,
    "count": 1,
    "updated": 0
  },
  {
    "id": "19afec9f-95a8-4329-a445-77432a4505c1",
    "data": [
      {
        "text": "привет привет",
        "userDefined": false
      }
    ],
    "isTemplate": false,
    "count": 0,
    "updated": 0
  },
  {
    "id": "847db664-1ad9-4bdd-b562-fd4bd9b956eb",
    "data": [
      {
        "text": "здравствуй",
        "userDefined": false
      }
    ],
    "isTemplate": false,
    "count": 0,
    "updated": 0
  },
  {
    "id": "5e6a6350-7a70-4582-8f51-e440dc514960",
    "data": [
      {
        "text": "приветствую",
        "userDefined": false
      }
    ],
    "isTemplate": false,
    "count": 0,
    "updated": 0
  },
  {
    "id": "3e413cb4-4225-4205-94e1-4d732d3d642c",
    "data": [
      {
        "text": "всем привет",
        "userDefined": false
      }
    ],
    "isTemplate": false,
    "count": 0,
    "updated": 0
  },
  {
    "id": "152e70f6-489e-4666-9b77-ed63e623f512",
    "data": [
      {
        "text": "хей",
        "userDefined": false
      }
    ],
    "isTemplate": false,
    "count": 0,
    "updated": 0
  },
  {
    "id": "fc6921a0-28f4-4054-bbb9-77b7638db4d2",
    "data": [
      {
        "text": "чао",
        "userDefined": false
      }
    ],
    "isTemplate": false,
    "count": 0,
    "updated": 0
  },
  {
    "id": "cc0a4118-7290-40de-801a-b8ed7cde8a93",
    "data": [
      {
        "text": "приветствую тебя",
        "userDefined": false
      }
    ],
    "isTemplate": false,
    "count": 0,
    "updated": 0
  },
  {
    "id": "34010074-b621-47dc-b5a1-750f4b658543",
    "data": [
      {
        "text": "приветик",
        "userDefined": false
      }
    ],
    "isTemplate": false,
    "count": 0,
    "updated": 0
  },
  {
    "id": "cbcba2e8-893a-4353-9ea9-51bdc8b5f3e6",
    "data": [
      {
        "text": "и снова здравствуйте",
        "userDefined": false
      }
    ],
    "isTemplate": false,
    "count": 0,
    "updated": 0
  },
  {
    "id": "7b2ef2d9-58b7-42f3-baba-ea7ac05952d1",
    "data": [
      {
        "text": "здравствуйте",
        "userDefined": false
      }
    ],
    "isTemplate": false,
    "count": 0,
    "updated": 0
  },
  {
    "id": "fb301c2f-e415-4d5d-a5d2-2815a440a484",
    "data": [
      {
        "text": "давно не виделись",
        "userDefined": false
      }
    ],
    "isTemplate": false,
    "count": 0,
    "updated": 0
  },
  {
    "id": "c4aa1477-73a0-4d41-9331-36a0a876b217",
    "data": [
      {
        "text": "просто хотел поздороваться",
        "userDefined": false
      }
    ],
    "isTemplate": false,
    "count": 0,
    "updated": 0
  },
  {
    "id": "03e634ee-39ac-49fc-9b1c-039e577092e1",
    "data": [
      {
        "text": "хотелось бы тебя поприветствовать",
        "userDefined": false
      }
    ],
    "isTemplate": false,
    "count": 0,
    "updated": 0
  },
  {
    "id": "0bcfda79-d15a-4bad-aa6d-9c77399fcc5c",
    "data": [
      {
        "text": "хочу сказать тебе привет",
        "userDefined": false
      }
    ],
    "isTemplate": false,
    "count": 0,
    "updated": 0
  }
]