[
  {
    "id": "80713ea7-832a-468f-8bdc-c7ebb23d2b43",
    "data": [
      {
        "text": "а как это работает",
        "userDefined": false
      }
    ],
    "isTemplate": false,
    "count": 0,
    "updated": 0
  },
  {
    "id": "b76b64f8-5f0f-483b-bc04-5beebae8ade4",
    "data": [
      {
        "text": "помощь",
        "userDefined": false
      }
    ],
    "isTemplate": false,
    "count": 0,
    "updated": 0
  },
  {
    "id": "86a76f8d-48ed-4ff7-97d5-b04242dc10a3",
    "data": [
      {
        "text": "Что ты умеешь",
        "userDefined": false
      }
    ],
    "isTemplate": false,
    "count": 0,
    "updated": 0
  },
  {
    "id": "d7b1c123-e989-4563-a44c-baeeb64f4058",
    "data": [
      {
        "text": "что ты такое",
        "userDefined": false
      }
    ],
    "isTemplate": false,
    "count": 0,
    "updated": 0
  },
  {
    "id": "e32fe59d-7fff-4608-ac06-b40fbaa3d00c",
    "data": [
      {
        "text": "что это",
        "userDefined": false
      }
    ],
    "isTemplate": false,
    "count": 1,
    "updated": 0
  }
]