[
  {
    "id": "485a41a4-9088-4188-b6fa-14fda9dbb681",
    "data": [
      {
        "text": "у меня есть вопросы",
        "userDefined": false
      }
    ],
    "isTemplate": false,
    "count": 0,
    "updated": 0
  },
  {
    "id": "77d551ef-6ebd-4914-9d16-e0fecc16bae2",
    "data": [
      {
        "text": "что ты умеешь",
        "userDefined": false
      }
    ],
    "isTemplate": false,
    "count": 0,
    "updated": 0
  },
  {
    "id": "2f4fbdf1-2519-43c6-b970-1c50d32e8e90",
    "data": [
      {
        "text": "мне ничего не понятно",
        "userDefined": false
      }
    ],
    "isTemplate": false,
    "count": 1,
    "updated": 0
  },
  {
    "id": "806ed508-d89d-4b93-8307-4b58500b9d8c",
    "data": [
      {
        "text": "какие слова",
        "userDefined": false
      }
    ],
    "isTemplate": false,
    "count": 0,
    "updated": 0
  },
  {
    "id": "0eb861c8-029e-4e36-a16c-5e100528d426",
    "data": [
      {
        "text": "что",
        "userDefined": false
      }
    ],
    "isTemplate": false,
    "count": 0,
    "updated": 0
  },
  {
    "id": "87ea0bd0-ba36-4dd2-a208-e5d27d1d128a",
    "data": [
      {
        "text": "а как это работает",
        "userDefined": false
      }
    ],
    "isTemplate": false,
    "count": 0,
    "updated": 0
  },
  {
    "id": "d6484fad-1834-4457-a342-6100bd484f06",
    "data": [
      {
        "text": "помощь",
        "userDefined": false
      }
    ],
    "isTemplate": false,
    "count": 0,
    "updated": 0
  },
  {
    "id": "686d4d52-1c08-410c-b4b6-40bb1ce0ce0a",
    "data": [
      {
        "text": "Что ты умеешь",
        "userDefined": false
      }
    ],
    "isTemplate": false,
    "count": 0,
    "updated": 0
  },
  {
    "id": "7b26b37e-efb4-4291-a0a9-7c5d9cb00595",
    "data": [
      {
        "text": "что ты такое",
        "userDefined": false
      }
    ],
    "isTemplate": false,
    "count": 0,
    "updated": 0
  },
  {
    "id": "c66c8b9f-4b7a-4dbb-8d2f-779824450b6c",
    "data": [
      {
        "text": "что это",
        "userDefined": false
      }
    ],
    "isTemplate": false,
    "count": 1,
    "updated": 0
  }
]