[
  {
    "id": "c00c0984-af11-4966-912e-f73638b9942a",
    "data": [
      {
        "text": "покажи какие ты истории можешь",
        "userDefined": false
      }
    ],
    "isTemplate": false,
    "count": 0,
    "lang": "ru",
    "updated": 0
  },
  {
    "id": "f9d96664-64f2-47be-a5b9-484ec7884b6e",
    "data": [
      {
        "text": "покажи список историй",
        "userDefined": false
      }
    ],
    "isTemplate": false,
    "count": 0,
    "lang": "ru",
    "updated": 0
  },
  {
    "id": "b765d09e-bf1b-4e90-93da-78870f6313a4",
    "data": [
      {
        "text": "список историй",
        "userDefined": false
      }
    ],
    "isTemplate": false,
    "count": 0,
    "lang": "ru",
    "updated": 0
  },
  {
    "id": "d3010a9f-dcce-4077-b37e-8efd5c94f97d",
    "data": [
      {
        "text": "напомни список текстов",
        "userDefined": false
      }
    ],
    "isTemplate": false,
    "count": 0,
    "lang": "ru",
    "updated": 0
  },
  {
    "id": "93c0f9e8-21d2-4d68-802c-c976317bcf0b",
    "data": [
      {
        "text": "говори список текстов",
        "userDefined": false
      }
    ],
    "isTemplate": false,
    "count": 0,
    "lang": "ru",
    "updated": 0
  },
  {
    "id": "333dd6bd-f8ce-40a8-8730-4c13a5c80158",
    "data": [
      {
        "text": "напомни список",
        "userDefined": false
      }
    ],
    "isTemplate": false,
    "count": 0,
    "lang": "ru",
    "updated": 0
  },
  {
    "id": "76b4b9ba-f862-45ea-b94e-1b136bcb853c",
    "data": [
      {
        "text": "напомни тексты",
        "userDefined": false
      }
    ],
    "isTemplate": false,
    "count": 0,
    "lang": "ru",
    "updated": 0
  },
  {
    "id": "576e88c8-3143-4ceb-a16e-587d2fe094c5",
    "data": [
      {
        "text": "перечисли тексты",
        "userDefined": false
      }
    ],
    "isTemplate": false,
    "count": 0,
    "lang": "ru",
    "updated": 0
  },
  {
    "id": "b3c624a1-e2a3-4b0f-8990-cddfbd962f53",
    "data": [
      {
        "text": "скажи список текстов",
        "userDefined": false
      }
    ],
    "isTemplate": false,
    "count": 0,
    "lang": "ru",
    "updated": 0
  },
  {
    "id": "4a2c4258-ad13-4dc3-bab3-b4d6485ae99a",
    "data": [
      {
        "text": "напомни",
        "userDefined": false
      }
    ],
    "isTemplate": false,
    "count": 0,
    "lang": "ru",
    "updated": 0
  },
  {
    "id": "c1c9ee29-8057-45c1-b9cb-bf8bf3b6e73a",
    "data": [
      {
        "text": "список",
        "userDefined": false
      }
    ],
    "isTemplate": false,
    "count": 0,
    "lang": "ru",
    "updated": 0
  },
  {
    "id": "fcb26a4d-ef9d-4fd3-a924-7bfca374d852",
    "data": [
      {
        "text": "тексты",
        "userDefined": false
      }
    ],
    "isTemplate": false,
    "count": 0,
    "lang": "ru",
    "updated": 0
  },
  {
    "id": "d6be4a21-7787-4387-8a88-be59c9eba2a6",
    "data": [
      {
        "text": "список текстов",
        "userDefined": false
      }
    ],
    "isTemplate": false,
    "count": 0,
    "lang": "ru",
    "updated": 0
  },
  {
    "id": "5c02d908-0534-4823-96f3-cd8f05db4fb1",
    "data": [
      {
        "text": "покажи список текстов",
        "userDefined": false
      }
    ],
    "isTemplate": false,
    "count": 0,
    "lang": "ru",
    "updated": 0
  },
  {
    "id": "dcaa6671-2e8d-4508-af10-4d4bb3b4c143",
    "data": [
      {
        "text": "какие у тебя есть тексты",
        "userDefined": false
      }
    ],
    "isTemplate": false,
    "count": 0,
    "lang": "ru",
    "updated": 0
  },
  {
    "id": "78e849ea-38be-4341-9c60-c61d6c25f737",
    "data": [
      {
        "text": "какие тексты",
        "userDefined": false
      }
    ],
    "isTemplate": false,
    "count": 0,
    "lang": "ru",
    "updated": 0
  }
]