[
  {
    "id": "24b3eca8-c1bb-4e49-938b-4b3d192af5a6",
    "data": [
      {
        "text": "ржака",
        "userDefined": false
      }
    ],
    "isTemplate": false,
    "count": 0,
    "updated": 0
  },
  {
    "id": "c97334aa-5fcd-42e6-b9da-ef1484684758",
    "data": [
      {
        "text": "супер",
        "userDefined": false
      }
    ],
    "isTemplate": false,
    "count": 0,
    "updated": 0
  },
  {
    "id": "302b9096-97be-49ca-b532-9cf7515b426f",
    "data": [
      {
        "text": "прикольно",
        "userDefined": false
      }
    ],
    "isTemplate": false,
    "count": 0,
    "updated": 0
  },
  {
    "id": "dae864a0-6e9a-4ba2-963e-47c0173c7130",
    "data": [
      {
        "text": "забавно",
        "userDefined": false
      }
    ],
    "isTemplate": false,
    "count": 0,
    "updated": 0
  },
  {
    "id": "87876a05-51ce-43ee-bc8d-3c9c60ed0acb",
    "data": [
      {
        "text": "великолепно",
        "userDefined": false
      }
    ],
    "isTemplate": false,
    "count": 0,
    "updated": 0
  },
  {
    "id": "04fac1dc-8c3b-422c-9ea7-caf670a47115",
    "data": [
      {
        "text": "отлично",
        "userDefined": false
      }
    ],
    "isTemplate": false,
    "count": 0,
    "updated": 0
  },
  {
    "id": "95365a75-6954-4d09-8e8b-49eac2c7d33e",
    "data": [
      {
        "text": "спасибо",
        "meta": "@sys.ignore",
        "userDefined": false
      }
    ],
    "isTemplate": false,
    "count": 0,
    "updated": 0
  },
  {
    "id": "fe1ae7be-79fd-4e01-a273-64804cb43062",
    "data": [
      {
        "text": "круто",
        "userDefined": false
      }
    ],
    "isTemplate": false,
    "count": 0,
    "updated": 0
  },
  {
    "id": "11c607a5-01c4-41ee-b54e-a2ef6254a882",
    "data": [
      {
        "text": "Класс",
        "meta": "@sys.ignore",
        "userDefined": false
      }
    ],
    "isTemplate": false,
    "count": 0,
    "updated": 0
  }
]