[
  {
    "id": "56c5e838-5440-4f1d-938e-fdbd48e738eb",
    "data": [
      {
        "text": "да",
        "userDefined": false
      }
    ],
    "isTemplate": false,
    "count": 0,
    "updated": 0
  },
  {
    "id": "df36290e-d2d9-4310-bd4d-8b9283b0440b",
    "data": [
      {
        "text": "ну да",
        "userDefined": false
      }
    ],
    "isTemplate": false,
    "count": 0,
    "updated": 0
  },
  {
    "id": "bb46a0fc-e6b9-48ce-9543-238dd8060451",
    "data": [
      {
        "text": "давай дальше",
        "userDefined": false
      }
    ],
    "isTemplate": false,
    "count": 0,
    "updated": 0
  },
  {
    "id": "b71302cf-68a8-43df-9bd9-f38fedb8b95b",
    "data": [
      {
        "text": "lf",
        "meta": "@sys.ignore",
        "userDefined": false
      }
    ],
    "isTemplate": false,
    "count": 1,
    "updated": 0
  },
  {
    "id": "64847236-44a4-4de9-a853-ed17883c7944",
    "data": [
      {
        "text": "Поехали",
        "meta": "@sys.ignore",
        "userDefined": false
      }
    ],
    "isTemplate": false,
    "count": 1,
    "updated": 0
  },
  {
    "id": "de23b4f7-5158-4142-acea-f10488429b8e",
    "data": [
      {
        "text": "Начинаем",
        "userDefined": false
      }
    ],
    "isTemplate": false,
    "count": 1,
    "updated": 0
  },
  {
    "id": "8f373825-1b8a-4d89-9f91-36596aee60cc",
    "data": [
      {
        "text": "Начали",
        "userDefined": false
      }
    ],
    "isTemplate": false,
    "count": 1,
    "updated": 0
  },
  {
    "id": "033ddfaa-b609-4dea-87c1-9153af08bffc",
    "data": [
      {
        "text": "начинай",
        "userDefined": false
      }
    ],
    "isTemplate": false,
    "count": 0,
    "updated": 0
  },
  {
    "id": "b828e372-2555-4ba9-b3cc-10e975e5b188",
    "data": [
      {
        "text": "Да",
        "meta": "@sys.ignore",
        "userDefined": false
      }
    ],
    "isTemplate": false,
    "count": 0,
    "updated": 0
  },
  {
    "id": "16fc5027-c633-4788-a678-bf0a2173c653",
    "data": [
      {
        "text": "давай",
        "userDefined": false
      }
    ],
    "isTemplate": false,
    "count": 0,
    "updated": 0
  },
  {
    "id": "a873d4a3-9be3-458e-be3d-73bed630a291",
    "data": [
      {
        "text": "готовы",
        "userDefined": false
      }
    ],
    "isTemplate": false,
    "count": 0,
    "updated": 0
  },
  {
    "id": "a7a81479-b3c6-4690-aa4e-f77682f67719",
    "data": [
      {
        "text": "готова",
        "userDefined": false
      }
    ],
    "isTemplate": false,
    "count": 0,
    "updated": 0
  },
  {
    "id": "5efe66fb-b348-40f8-b643-2c44e703d98b",
    "data": [
      {
        "text": "готов",
        "userDefined": false
      }
    ],
    "isTemplate": false,
    "count": 0,
    "updated": 0
  },
  {
    "id": "96eada59-da7e-4117-8095-908b41fa3822",
    "data": [
      {
        "text": "Я готова",
        "userDefined": false
      }
    ],
    "isTemplate": false,
    "count": 0,
    "updated": 0
  },
  {
    "id": "a417c1c2-ae19-475a-b81f-12b53fbde9ec",
    "data": [
      {
        "text": "Мы готовы",
        "userDefined": false
      }
    ],
    "isTemplate": false,
    "count": 0,
    "updated": 0
  },
  {
    "id": "21abf278-5871-42d4-8cd3-d7e944218dfc",
    "data": [
      {
        "text": "Я готов",
        "userDefined": false
      }
    ],
    "isTemplate": false,
    "count": 0,
    "updated": 0
  },
  {
    "id": "2b868836-68fb-4d7c-952e-e148f32688d8",
    "data": [
      {
        "text": "Вперёд",
        "meta": "@sys.ignore",
        "userDefined": false
      }
    ],
    "isTemplate": false,
    "count": 1,
    "updated": 0
  }
]