[
  {
    "id": "c9cdf217-c2ef-40d8-8e49-67e55c0ef1c8",
    "data": [
      {
        "text": "Начинаем",
        "userDefined": false
      }
    ],
    "isTemplate": false,
    "count": 2,
    "updated": 0
  },
  {
    "id": "19cf683c-3576-49e9-9b54-1506d16faa74",
    "data": [
      {
        "text": "Начали",
        "userDefined": false
      }
    ],
    "isTemplate": false,
    "count": 1,
    "updated": 0
  },
  {
    "id": "680f2b31-f600-4035-961e-bf41c63a4a96",
    "data": [
      {
        "text": "погнали",
        "meta": "@sys.ignore",
        "userDefined": false
      }
    ],
    "isTemplate": false,
    "count": 0,
    "updated": 0
  },
  {
    "id": "9051643d-1fb2-4146-bcb6-5aec9f9e5ee2",
    "data": [
      {
        "text": "поехали",
        "userDefined": false
      }
    ],
    "isTemplate": false,
    "count": 0,
    "updated": 0
  },
  {
    "id": "3edb8a90-fc87-4e92-9d71-7196daffba61",
    "data": [
      {
        "text": "давай",
        "userDefined": false
      }
    ],
    "isTemplate": false,
    "count": 1,
    "updated": 0
  },
  {
    "id": "32be5e2e-919d-4cc6-81af-9b9067eeb6dc",
    "data": [
      {
        "text": "давай дальше",
        "userDefined": false
      }
    ],
    "isTemplate": false,
    "count": 1,
    "updated": 0
  },
  {
    "id": "5704f75d-1485-42da-9d07-f11e14d5556e",
    "data": [
      {
        "text": "давай еще",
        "userDefined": false
      }
    ],
    "isTemplate": false,
    "count": 0,
    "updated": 0
  },
  {
    "id": "9e9d5447-fc6f-4682-b230-8118855df11d",
    "data": [
      {
        "text": "да",
        "userDefined": false
      }
    ],
    "isTemplate": false,
    "count": 0,
    "updated": 0
  },
  {
    "id": "e110a1e4-ae09-4528-b323-bf4c636c127f",
    "data": [
      {
        "text": "ну да",
        "userDefined": false
      }
    ],
    "isTemplate": false,
    "count": 0,
    "updated": 0
  },
  {
    "id": "9e2e1e0d-28b9-44a9-b902-e81201d70c4e",
    "data": [
      {
        "text": "lf",
        "meta": "@sys.ignore",
        "userDefined": false
      }
    ],
    "isTemplate": false,
    "count": 1,
    "updated": 0
  },
  {
    "id": "c105e1c5-de84-4a09-bac8-041d312597a5",
    "data": [
      {
        "text": "Поехали",
        "meta": "@sys.ignore",
        "userDefined": false
      }
    ],
    "isTemplate": false,
    "count": 2,
    "updated": 0
  },
  {
    "id": "31b0fe65-2681-4128-bcac-4e5b45ca1c79",
    "data": [
      {
        "text": "начинай",
        "userDefined": false
      }
    ],
    "isTemplate": false,
    "count": 0,
    "updated": 0
  },
  {
    "id": "b40edb96-45a9-47f5-90df-9197b667f3bc",
    "data": [
      {
        "text": "Да",
        "meta": "@sys.ignore",
        "userDefined": false
      }
    ],
    "isTemplate": false,
    "count": 0,
    "updated": 0
  },
  {
    "id": "7a9630a2-90d6-44ba-a157-344bdd9ff670",
    "data": [
      {
        "text": "готовы",
        "userDefined": false
      }
    ],
    "isTemplate": false,
    "count": 0,
    "updated": 0
  },
  {
    "id": "65cd6add-7487-40ca-a57c-246c544630da",
    "data": [
      {
        "text": "готова",
        "userDefined": false
      }
    ],
    "isTemplate": false,
    "count": 0,
    "updated": 0
  },
  {
    "id": "50f4a1fe-ab98-46e6-b3cf-32a8004751e2",
    "data": [
      {
        "text": "готов",
        "userDefined": false
      }
    ],
    "isTemplate": false,
    "count": 0,
    "updated": 0
  },
  {
    "id": "628cc659-938e-422e-ac9d-832b2e0d5ccf",
    "data": [
      {
        "text": "Я готова",
        "userDefined": false
      }
    ],
    "isTemplate": false,
    "count": 0,
    "updated": 0
  },
  {
    "id": "03d7eb2f-018d-4224-9958-d5922ee2f28d",
    "data": [
      {
        "text": "Мы готовы",
        "userDefined": false
      }
    ],
    "isTemplate": false,
    "count": 0,
    "updated": 0
  },
  {
    "id": "49ddf57f-7a32-4517-aed3-a704fae730d5",
    "data": [
      {
        "text": "Я готов",
        "userDefined": false
      }
    ],
    "isTemplate": false,
    "count": 0,
    "updated": 0
  },
  {
    "id": "c93db98f-a970-4f29-9887-64ed655f1a7f",
    "data": [
      {
        "text": "Вперёд",
        "meta": "@sys.ignore",
        "userDefined": false
      }
    ],
    "isTemplate": false,
    "count": 1,
    "updated": 0
  }
]