[
  {
    "id": "d61c66e1-4ac0-44f3-9ed8-a22dd06931de",
    "data": [
      {
        "text": "восьмой",
        "meta": "@sys.ignore",
        "userDefined": false
      },
      {
        "text": " текст",
        "userDefined": false
      }
    ],
    "isTemplate": false,
    "count": 0,
    "lang": "ru",
    "updated": 0
  },
  {
    "id": "d4725646-f56f-417e-8168-4424c7adc81b",
    "data": [
      {
        "text": "номер ",
        "userDefined": false
      },
      {
        "text": "восемь",
        "meta": "@sys.ignore",
        "userDefined": false
      }
    ],
    "isTemplate": false,
    "count": 0,
    "lang": "ru",
    "updated": 0
  },
  {
    "id": "6c6462ff-f109-4d19-b3d4-b44e2af87312",
    "data": [
      {
        "text": "давай про колобка",
        "userDefined": false
      }
    ],
    "isTemplate": false,
    "count": 1,
    "lang": "ru",
    "updated": 0
  },
  {
    "id": "184562c4-3503-464e-ab44-66b0a44eee14",
    "data": [
      {
        "text": "давай про колобка уже",
        "userDefined": false
      }
    ],
    "isTemplate": false,
    "count": 1,
    "lang": "ru",
    "updated": 0
  },
  {
    "id": "ea24e632-a8b1-403d-bab3-6dd7e4fef4bb",
    "data": [
      {
        "text": "колобок",
        "userDefined": false
      }
    ],
    "isTemplate": false,
    "count": 0,
    "lang": "ru",
    "updated": 0
  },
  {
    "id": "64ead65a-dc4e-4451-a687-c97dc9c4afb6",
    "data": [
      {
        "text": "про колобка",
        "userDefined": false
      }
    ],
    "isTemplate": false,
    "count": 0,
    "lang": "ru",
    "updated": 0
  },
  {
    "id": "f01e9458-3c1f-46c9-8fe8-d4a94e242674",
    "data": [
      {
        "text": "про нового колобка",
        "userDefined": false
      }
    ],
    "isTemplate": false,
    "count": 0,
    "lang": "ru",
    "updated": 0
  },
  {
    "id": "5016649d-7f52-42bd-9164-6d95c06641a0",
    "data": [
      {
        "text": "новый колобок",
        "userDefined": false
      }
    ],
    "isTemplate": false,
    "count": 0,
    "lang": "ru",
    "updated": 0
  }
]